County,Median_Income_x,Age-Adjusted Incidence Rate,Average Annual Count,Age-Adjusted Death Rate,Average Deaths per Year
"Abbeville County, South Carolina",43326.84946236559,68.1,24,57.6,20
"Acadia Parish, Louisiana",42345.339622641506,79.6,53,68.6,46
"Accomack County, Virginia",65267.57382550336,91.1,46,76.7,38
"Ada County, Idaho",45272.37037037037,52.2,191,37.6,136
"Adair County, Iowa",53179.632258064514,65.2,8,42.3,5
"Adair County, Kentucky",43175.48379052369,91.2,21,64.5,15
"Adair County, Missouri",46066.47932330827,57.8,15,43.1,12
"Adair County, Oklahoma",44441.89008042895,71.5,18,52.7,13
"Adams County, Colorado",60359.2675,52.6,182,39,133
"Adams County, Illinois",56571.516651665166,74.1,68,50.8,48
"Adams County, Indiana",47387.13627992634,50.2,19,32.9,13
"Adams County, Mississippi",37826.11153846154,69,29,60.6,26
"Adams County, Nebraska",50734.27717391304,62.7,24,45,18
"Adams County, Ohio",47349.90379278446,87.1,32,74.5,27
"Adams County, Pennsylvania",52829.6860670194,59.2,79,41.5,55
"Adams County, Washington",61814.60735009671,37,6,29.9,5
"Adams County, Wisconsin",53807.21988527725,85.7,32,72.7,27
"Addison County, Vermont",53580.338461538464,65.6,30,45.6,20
"Aiken County, South Carolina",30282.5,58.5,122,44,91
"Alachua County, Florida",48447.29420289855,67.8,160,48.6,114
"Alamance County, North Carolina",45981.50673854447,71.3,131,51.8,95
"Alameda County, California",64027.97428023033,46,687,33.4,495
"Albany County, New York",61671.75700365408,73,258,51.2,181
"Albany County, Wyoming",64252.30952380953,40.8,11,29.1,8
"Albemarle County, Virginia",28009.0,41,49,34.1,41
"Alfalfa County, Oklahoma",41195.0,61.2,5,53,5
"Allegany County, Maryland",73060.6840909091,78.1,82,45.7,48
"Allegany County, New York",43078.5,76.9,46,50.7,30
"Allegheny County, Pennsylvania",58307.833333333336,72.5,1193,51.3,862
"Allen County, Indiana",42532.0,61.9,227,44.8,163
"Allen County, Ohio",58627.0,70.4,90,53.5,69
"Allen Parish, Louisiana",35411.0,71.2,19,58.4,16
"Amador County, California",50637.0,58.7,38,47.2,31
"Amelia County, Virginia",18904.0,75.3,13,65.5,11
"Anderson County, South Carolina",32275.4,69.6,166,52.5,124
"Anderson County, Tennessee",44728.819607843136,71.1,75,64.7,69
"Anderson County, Texas",52358.9504178273,78.1,49,70.1,44
"Androscoggin County, Maine",47183.164179104475,78.1,101,60.8,80
"Anne Arundel County, Maryland",117648.5,64.3,364,50.1,277
"Anson County, North Carolina",27692.333333333332,80.5,26,56.3,18
"Antelope County, Nebraska",50497.0,51.1,6,39.7,4
"Apache County, Arizona",50913.67935871743,22.9,16,17.7,12
"Appanoose County, Iowa",28750.0,78.5,15,56.3,11
"Appling County, Georgia",48444.48744460857,74.4,15,56.3,12
"Arapahoe County, Colorado",109574.0,47.5,253,33.7,177
"Archer County, Texas",53638.0,61.5,8,45.9,5
"Arkansas County, Arkansas",41331.044444444444,85.9,21,67.8,17
"Armstrong County, Pennsylvania",47894.75,66.4,67,46.4,48
"Aroostook County, Maine",31718.0,84.1,92,62.2,68
"Ashland County, Ohio",46773.666666666664,61.2,41,53.5,35
"Ashley County, Arkansas",30490.0,77,23,58.6,17
"Ashtabula County, Ohio",27654.0,79.2,103,60,78
"Athens County, Ohio",37213.0,76.6,43,63.1,34
"Atlantic County, New Jersey",72466.352180937,69.9,230,47.9,156
"Attala County, Mississippi",55270.0,62.5,17,57.3,15
"Audrain County, Missouri",33278.0,90.1,29,63.3,21
"Auglaize County, Ohio",64078.5,68.1,40,54.4,31
"Autauga County, Alabama",42071.77380952381,74.9,43,59.3,34
"Avery County, North Carolina",27280.0,65.5,17,49,13
"Avoyelles Parish, Louisiana",29876.5,85.2,42,66.7,33
"Baker County, Florida",43196.0,99.5,27,75.2,21
"Baker County, Oregon",51631.66887417219,65,18,50.4,14
"Ballard County, Kentucky",40216.0,94.3,11,76.1,9
"Baltimore County, Maryland",65640.75,67.6,661,47.8,471
"Banks County, Georgia",32655.0,65.2,13,33.8,7
"Barbour County, Alabama",19528.0,74.6,25,61.3,20
"Barbour County, West Virginia",41449.538860103625,58.8,13,42.9,9
"Barnstable County, Massachusetts",67743.61445783133,60,247,41.5,175
"Barren County, Kentucky",26193.0,106.9,58,73,40
"Barrow County, Georgia",53275.666666666664,89.6,55,63.4,37
"Bartholomew County, Indiana",45877.0,77.8,69,59.2,53
"Bartow County, Georgia",47271.0,91.3,91,63.2,61
"Bath County, Kentucky",23337.0,109,16,77.4,11
"Bayfield County, Wisconsin",36797.0,54.9,14,48.6,12
"Beaufort County, North Carolina",21011.5,83.5,58,59.1,41
"Beaufort County, South Carolina",43437.5,49,124,39,96
"Beaver County, Pennsylvania",35120.0,76.5,192,49.7,129
"Beaverhead County, Montana",45526.86538461538,52,7,28.3,4
"Beckham County, Oklahoma",96500.0,53.8,13,44.7,10
"Bedford County, Pennsylvania",46898.5,51,37,41.2,30
"Belknap County, New Hampshire",62891.97,65.6,56,55.2,46
"Bell County, Texas",82273.0,81.5,200,54.1,130
"Belmont County, Ohio",34767.5,61.3,60,51,51
"Benton County, Arkansas",44983.0,56.4,129,47,106
"Benton County, Indiana",45450.0,82.7,9,79.3,9
"Benton County, Iowa",64833.0,67.5,22,50.2,17
"Benton County, Mississippi",31231.0,61.8,7,46.1,5
"Benton County, Missouri",27671.0,89.1,33,66.7,24
"Benton County, Oregon",57997.0,48.9,43,39.2,35
"Bergen County, New Jersey",96491.3,50.9,580,34.7,402
"Berks County, Pennsylvania",65037.6,64.1,316,42.3,211
"Berkshire County, Massachusetts",69776.0,70,135,47.9,95
"Bernalillo County, New Mexico",46399.0523255814,39.4,277,31.2,216
"Bethel Census Area, Alaska",37830.333333333336,62.7,6,58.3,5
"Bexar County, Texas",82298.0,45.1,702,34.5,528
"Bienville Parish, Louisiana",23355.5,82,16,63.3,12
"Bladen County, North Carolina",18585.5,64.1,30,51.1,25
"Blaine County, Oklahoma",51256.0,66.4,9,48.6,7
"Blair County, Pennsylvania",30371.0,66.3,119,43.9,79
"Blount County, Alabama",44609.0,69.7,51,59.9,43
"Bolivar County, Mississippi",16341.0,76.2,27,66.2,23
"Bon Homme County, South Dakota",46400.0,55.7,6,50.4,5
"Bond County, Illinois",35675.0,70.2,15,47,10
"Bonner County, Idaho",31093.0,54.3,32,43.7,26
"Boone County, Illinois",53855.0,66.3,36,52.8,28
"Boone County, Indiana",72919.0,67,39,56.6,31
"Boone County, Kentucky",61650.0,86,90,60.1,63
"Boone County, Missouri",40025.666666666664,63.4,86,47.2,63
"Boone County, West Virginia",19441.0,111.8,34,81.5,25
"Bosque County, Texas",36059.0,58.4,17,59.2,18
"Bottineau County, North Dakota",49313.0,58.3,6,37.8,5
"Boulder County, Colorado",106980.0,35.5,94,24.3,65
"Bowie County, Texas",38408.0,80.2,88,58.7,63
"Box Butte County, Nebraska",49509.0,48.9,7,31.2,5
"Box Elder County, Utah",56671.0,20.4,10,17.6,8
"Boyle County, Kentucky",32484.0,77.6,29,56.9,21
"Bracken County, Kentucky",20699.0,120.6,12,92.7,9
"Bradford County, Pennsylvania",40443.5,70.7,63,50.2,45
"Bradley County, Arkansas",27965.0,86.3,13,68.3,11
"Braxton County, West Virginia",31213.0,72.4,16,61.4,13
"Brazoria County, Texas",45344.0,63,175,47.6,130
"Breathitt County, Kentucky",24985.0,105.7,18,73.2,13
"Brevard County, Florida",62335.0,74.2,647,55.4,487
"Bristol County, Massachusetts",73884.0,72.9,476,49.6,326
"Brookings County, South Dakota",43280.5,53.5,14,37.9,10
"Brooks County, Georgia",23461.0,76.9,16,51.1,11
"Broome County, New York",56170.5,61.7,160,42.1,111
"Broward County, Florida",42919.2,53.5,1129,38.7,827
"Brown County, Illinois",32625.0,81.4,6,46.6,3
"Brown County, Texas",35617.0,65.2,34,52.3,28
"Brown County, Wisconsin",60401.0,57.9,149,41.6,107
"Brule County, South Dakota",39270.0,83,6,53.7,4
"Brunswick County, North Carolina",42182.0,69.8,127,56.8,101
"Brunswick County, Virginia",45713.0,74.6,18,46.5,11
"Bryan County, Oklahoma",21538.0,87.9,48,74,41
"Buchanan County, Iowa",51884.0,82.8,21,56.2,15
"Buchanan County, Missouri",47593.0,86.8,88,65.1,67
"Bucks County, Pennsylvania",65846.5,62.5,487,43.9,340
"Buffalo County, Nebraska",56733.0,49.3,23,36,16
"Buffalo County, Wisconsin",45629.5,52.4,10,52.6,10
"Bureau County, Illinois",42599.0,69.6,34,50.4,25
"Burke County, North Carolina",41039.0,83.1,100,61,73
"Burlington County, New Jersey",96402.5,65.1,342,44.2,232
"Burt County, Nebraska",28596.0,66.2,7,58.7,6
"Butler County, Alabama",19757.0,58.3,17,52.6,15
"Butler County, Iowa",46512.0,45.4,10,35.4,8
"Butler County, Nebraska",39768.0,48,6,36.9,5
"Butler County, Ohio",40761.5,75,285,58.5,221
"Butler County, Pennsylvania",47966.0,61.4,143,48.9,114
"Butte County, California",49121.0,61.4,169,46,126
"Cache County, Utah",56817.5,15.8,12,9.2,7
"Caddo County, Oklahoma",31854.0,85.3,30,65.4,23
"Calaveras County, California",42435.5,52.3,41,40.2,31
"Calcasieu Parish, Louisiana",47114.0,68.4,145,58.1,121
"Caldwell County, Missouri",22126.0,89.3,11,75.2,10
"Caldwell County, North Carolina",40863.0,82.9,89,69.1,73
"Caldwell County, Texas",64150.0,65.1,26,45.9,18
"Caledonia County, Vermont",36526.0,74.8,29,57.2,23
"Calhoun County, Georgia",18746.0,63.4,4,50.2,4
"Calhoun County, Illinois",34447.0,81.4,6,47.8,4
"Calhoun County, Iowa",15361.0,54.6,9,40.4,7
"Calhoun County, Mississippi",28737.0,88.1,17,75.9,15
"Calumet County, Wisconsin",63944.333333333336,53.3,27,37.3,18
"Cambria County, Pennsylvania",44788.333333333336,56.7,119,43.7,95
"Camden County, Missouri",60833.0,68.6,51,47.4,35
"Camden County, New Jersey",80710.8,71.9,406,48.9,275
"Cameron County, Texas",31840.666666666668,38.4,143,24,89
"Campbell County, Kentucky",39698.0,94.5,93,67.3,65
"Cape May County, New Jersey",54566.4,83.5,136,54.9,90
"Carbon County, Montana",34031.0,35.8,6,21.3,4
"Carbon County, Pennsylvania",48751.5,72.7,68,53.4,50
"Carbon County, Utah",30799.5,51.1,12,34.5,8
"Carbon County, Wyoming",59769.5,58.4,10,41.6,7
"Carlisle County, Kentucky",22619.0,95.2,7,61.5,5
"Caroline County, Maryland",36225.0,75.1,28,56.7,22
"Carroll County, Georgia",41111.0,83.9,88,59,62
"Carroll County, Illinois",50854.0,54,14,47.4,12
"Carroll County, Indiana",38585.5,66.1,17,39.8,10
"Carroll County, Iowa",55578.0,60.8,18,44.4,14
"Carroll County, Kentucky",25323.0,120.7,15,69.9,9
"Carroll County, Missouri",34265.0,94.6,13,63.4,9
"Carroll County, New Hampshire",20910.0,65.8,53,42.9,35
"Carroll County, Ohio",37767.0,79.7,31,53.7,21
"Carter County, Oklahoma",53521.0,77.6,45,64,38
"Carter County, Tennessee",29128.0,78.3,63,67.2,54
"Carteret County, North Carolina",54542.0,76.1,77,62.9,63
"Cascade County, Montana",83641.0,66.6,68,50.3,51
"Cass County, Iowa",33095.5,73.2,15,57.1,12
"Cass County, Missouri",49357.5,70.1,81,53.8,63
"Cass County, North Dakota",129656.0,59.8,80,37.3,50
"Cass County, Texas",28101.0,68.9,32,58.8,27
"Castro County, Texas",35714.0,50.7,5,35.5,3
"Catahoula Parish, Louisiana",22547.0,93,12,66.1,8
"Catawba County, North Carolina",44251.5,68.8,126,54,99
"Centre County, Pennsylvania",50018.75,53.1,77,37.9,56
"Chaffee County, Colorado",40649.0,36.9,11,30.6,8
"Chambers County, Alabama",37033.0,75.4,34,63.1,29
"Chambers County, Texas",91117.5,68.3,21,56.9,17
"Champaign County, Illinois",58969.0,62.4,107,42.4,73
"Charles Mix County, South Dakota",30209.0,48.9,6,34.5,4
"Charleston County, South Carolina",65394.0,65.5,257,45.7,177
"Chatham County, North Carolina",31471.0,53,52,38.5,39
"Chautauqua County, New York",54308.0,67.9,122,49.4,90
"Chaves County, New Mexico",41039.0,47.5,36,40.9,31
"Cheatham County, Tennessee",61588.0,92.3,38,80.6,32
"Chemung County, New York",47574.0,77,88,56.2,66
"Chenango County, New York",44096.0,71.9,49,52.1,35
"Cherokee County, Georgia",68506.0,73.2,135,46.7,84
"Cherokee County, Iowa",38866.0,47.6,10,36.3,8
"Cherokee County, Oklahoma",30578.0,79.3,41,66.4,34
"Cherokee County, South Carolina",30234.0,87.7,56,57.9,38
"Cherokee County, Texas",37081.0,83.3,51,60.3,37
"Chester County, Pennsylvania",63694.25,54,301,39.4,219
"Chester County, Tennessee",14171.0,76.7,16,48.5,10
"Chesterfield County, South Carolina",28631.0,81.2,45,69.2,37
"Chilton County, Alabama",30427.0,73.9,39,66,34
"Chippewa County, Wisconsin",31574.0,65.8,50,48.3,37
"Choctaw County, Oklahoma",19519.0,80.4,17,70.6,15
"Cibola County, New Mexico",33055.0,50.6,15,24.7,7
"Citrus County, Florida",56004.0,79.7,244,64.2,200
"Clackamas County, Oregon",73514.0,55.2,245,43.2,189
"Clallam County, Washington",25578.0,69.6,90,51.2,66
"Clarion County, Pennsylvania",37393.0,59.2,31,45.1,23
"Clark County, Indiana",46871.0,88.1,107,67.3,81
"Clark County, Missouri",38573.0,95.2,9,67.8,7
"Clarke County, Iowa",39124.0,70.6,9,58.4,7
"Clarke County, Virginia",74891.0,63.4,13,64.9,13
"Clay County, Arkansas",32066.0,108.7,26,80.1,20
"Clay County, Florida",56643.5,79.2,161,58.5,117
"Clay County, Illinois",32787.0,79.5,15,55.8,11
"Clay County, Iowa",42400.0,57.8,13,41.5,10
"Clay County, Missouri",49041.0,79,173,55.7,122
"Clay County, Nebraska",34592.0,54.1,5,41.9,4
"Clay County, Texas",55433.0,68.8,11,55.3,9
"Clayton County, Iowa",41903.0,60.3,16,37.1,10
"Clearfield County, Pennsylvania",33936.0,60.3,69,45.6,53
"Clearwater County, Idaho",37585.5,55.4,8,40.7,6
"Cleburne County, Arkansas",52597.0,83.6,38,70.5,32
"Clermont County, Ohio",32784.0,85.3,181,61.3,127
"Cleveland County, North Carolina",28399.5,72.3,90,59.2,73
"Cleveland County, Oklahoma",52368.0,66.3,156,49.7,116
"Clinton County, Illinois",74140.5,63.6,29,43.9,20
"Clinton County, Indiana",46134.5,76.2,29,62.2,24
"Clinton County, Iowa",49197.5,64.1,42,50.5,33
"Clinton County, Missouri",42275.5,83.5,22,59.3,15
"Clinton County, New York",50291.0,95.1,90,53.9,50
"Clinton County, Ohio",34737.0,86.6,42,68.2,33
"Coal County, Oklahoma",19225.0,85.8,7,81.1,7
"Cobb County, Georgia",44615.0,60.3,341,40.3,223
"Cochise County, Arizona",35864.0,46.9,84,37,65
"Coconino County, Arizona",51262.25,36.7,39,25.6,26
"Colbert County, Alabama",49109.0,75.9,57,61.2,46
"Coles County, Illinois",53926.0,80.4,48,56.1,34
"Colfax County, Nebraska",47959.5,45.9,5,33.1,4
"Colfax County, New Mexico",21373.0,38.1,9,25.3,6
"Colleton County, South Carolina",41944.0,93.5,48,73.9,38
"Collier County, Florida",76077.0,43.3,268,30.5,194
"Collin County, Texas",93324.0,49.4,286,36.7,207
"Columbia County, Arkansas",34396.5,72,21,62.6,19
"Columbia County, Pennsylvania",44305.0,58,50,43.7,38
"Columbia County, Wisconsin",49816.0,64.3,45,45.7,32
"Columbiana County, Ohio",38391.666666666664,68.6,101,52.3,76
"Columbus County, North Carolina",31860.25,82.6,61,63.6,46
"Comal County, Texas",56587.0,58.1,83,42.7,61
"Comanche County, Oklahoma",40008.0,72.8,80,58.2,63
"Contra Costa County, California",68959.6,49.2,554,36.1,404
"Converse County, Wyoming",56257.0,58.3,9,40.6,6
"Conway County, Arkansas",35612.0,75,21,55.1,16
"Cook County, Illinois",65694.33333333333,63.4,3359,44.7,2369
"Coosa County, Alabama",22745.0,82.6,14,68.9,11
"Coryell County, Texas",51368.0,81.2,41,58.1,28
"Coshocton County, Ohio",39211.0,74,36,64.6,31
"Covington County, Alabama",35146.75,83,44,71.9,39
"Craig County, Virginia",33642.0,58.9,5,54,4
"Craighead County, Arkansas",37068.0,74.6,74,49.2,48
"Crawford County, Arkansas",39222.0,79.1,56,61.8,43
"Crawford County, Illinois",42961.0,88.9,24,55.5,15
"Crawford County, Indiana",34537.0,94.6,13,70.5,10
"Crawford County, Iowa",38425.5,54.8,12,33.6,8
"Crawford County, Ohio",37131.0,66.6,41,54.4,33
"Crawford County, Pennsylvania",45853.25,67.5,81,54,64
"Crawford County, Wisconsin",36018.0,62.4,16,45.8,12
"Creek County, Oklahoma",32440.0,87.7,78,67.1,60
"Crittenden County, Kentucky",54337.0,76.6,10,78.8,10
"Crockett County, Tennessee",29442.5,64.6,12,58.2,11
"Crook County, Oregon",30200.0,54,19,41.6,14
"Crook County, Wyoming",61220.0,46.2,5,47.6,5
"Cullman County, Alabama",45836.5,69.6,73,61.4,63
"Cumberland County, Illinois",37389.0,89.1,13,62.6,9
"Cumberland County, Maine",61597.0,68.3,237,48.9,169
"Cumberland County, New Jersey",47581.0,73.4,122,50.7,84
"Cumberland County, North Carolina",45969.5,73.3,202,56.6,154
"Cumberland County, Pennsylvania",40248.0,56.8,172,40,123
"Cumberland County, Virginia",25738.0,64.8,9,59.2,8
"Cuming County, Nebraska",42214.0,41.6,6,34.1,5
"Curry County, New Mexico",32470.0,46.8,21,36.7,17
"Custer County, Nebraska",32870.0,48.3,8,42.2,7
"Custer County, Oklahoma",48160.0,71.5,21,60.2,18
"Cuyahoga County, Ohio",72571.28571428571,68.7,1108,51.1,838
"Dade County, Georgia",33224.0,79.7,17,79.3,16
"Dade County, Missouri",43025.0,83.3,10,58.4,7
"Dakota County, Nebraska",57824.0,73,15,53,11
"Dallas County, Arkansas",26016.0,82.2,9,74,9
"Dallas County, Iowa",48357.0,61.6,38,36.7,22
"Dallas County, Texas",94562.33333333333,56,1078,42.8,802
"Dane County, Wisconsin",88107.0,54.3,245,38.8,174
"Darke County, Ohio",48767.666666666664,65.9,46,52.7,37
"Darlington County, South Carolina",25472.0,72.4,62,56.2,49
"Dauphin County, Pennsylvania",44876.0,66.7,210,45.1,144
"Davidson County, North Carolina",60799.0,83.9,170,61.3,122
"Davidson County, Tennessee",54579.0,72,424,57.1,331
"Davie County, North Carolina",80720.0,81.6,47,48.3,27
"Daviess County, Missouri",36855.0,75,9,58.9,7
"Dawson County, Montana",44297.0,84.6,11,49.4,6
"De Soto Parish, Louisiana",27138.0,80.7,27,52.7,18
"DeKalb County, Alabama",38947.0,60.8,51,56.3,46
"DeKalb County, Georgia",52058.0,53.2,311,37.8,216
"DeKalb County, Indiana",40907.0,68.5,33,53.2,25
"DeKalb County, Missouri",34187.0,39.5,6,38.4,6
"DeKalb County, Tennessee",30125.0,91.3,22,71.9,17
"DeWitt County, Texas",38794.5,57.9,17,52.8,15
"Decatur County, Georgia",42027.0,70.4,23,58.2,19
"Delaware County, Iowa",40574.0,38.4,9,25.7,6
"Delaware County, Ohio",64533.0,61,94,44.1,66
"Delaware County, Oklahoma",38758.75,71.3,46,57.8,37
"Delaware County, Pennsylvania",69589.5,70.8,468,52.7,350
"Denton County, Texas",92526.0,53.3,245,37.4,169
"Deschutes County, Oregon",53546.0,53.1,105,37.7,74
"Dixie County, Florida",30372.0,100,26,73.8,19
"Dixon County, Nebraska",34164.0,63.3,6,35.5,3
"Dodge County, Georgia",31807.5,81.3,20,53.6,13
"Dodge County, Wisconsin",49411.75,58.6,65,45.6,51
"Door County, Wisconsin",50120.0,53.8,27,41.2,21
"Dorchester County, Maryland",36598.0,73.1,34,62,29
"Dorchester County, South Carolina",50099.0,70.6,89,50.5,61
"Dougherty County, Georgia",29478.0,73.4,72,60.9,59
"Douglas County, Colorado",73931.0,37.1,75,24,48
"Douglas County, Nebraska",54759.0,69.5,338,51,245
"Douglas County, Oregon",42807.75,67,118,59.7,107
"Douglas County, Washington",36927.0,42,19,38.6,17
"Douglas County, Wisconsin",63829.0,58.1,31,57.9,31
"DuPage County, Illinois",73599.0,56.1,529,38.7,362
"Dubuque County, Iowa",50885.75,59.4,70,46.7,56
"Duchesne County, Utah",51100.5,50.2,8,34.9,6
"Dunklin County, Missouri",28822.0,100.1,41,81.2,33
"Dunn County, Wisconsin",41303.0,45.4,21,34.5,16
"Dutchess County, New York",83387.25,64.7,226,44,151
"Eagle County, Colorado",68860.0,28.3,9,14.9,5
"East Baton Rouge Parish, Louisiana",56361.5,56.4,240,46.9,199
"El Paso County, Colorado",105184.0,50.3,282,35.7,196
"Elkhart County, Indiana",37563.0,70.2,144,48.6,99
"Ellis County, Texas",48965.0,64.8,91,50.2,68
"Elmore County, Alabama",39648.0,78.1,66,66.1,55
"Elmore County, Idaho",28568.0,72.4,17,59.2,13
"Emanuel County, Georgia",31177.0,67.6,18,59.3,16
"Erie County, New York",68847.5,76.2,886,52.6,620
"Erie County, Pennsylvania",46677.5,66.5,225,48.7,164
"Escambia County, Alabama",23610.0,75.5,36,67,32
"Escambia County, Florida",29615.5,78.4,281,58.8,211
"Essex County, Massachusetts",74645.0,67.5,602,43.3,390
"Etowah County, Alabama",37774.5,81.9,110,67.7,90
"Evangeline Parish, Louisiana",19638.0,81.8,30,70.6,26
"Evans County, Georgia",40032.0,68.8,9,54.8,7
"Fairfax County, Virginia",118103.33333333333,40,390,25.6,242
"Fairfield County, Connecticut",75753.81684981685,54.9,571,34.5,365
"Fairfield County, South Carolina",21232.0,57.9,18,50.7,16
"Falls County, Texas",26998.0,61,14,43.5,10
"Faulkner County, Arkansas",48543.0,75.9,78,61.3,61
"Fauquier County, Virginia",87777.0,48.7,37,41.3,30
"Fayette County, Iowa",35921.5,59.9,19,40.2,13
"Fayette County, Ohio",34460.0,87.4,32,67.7,24
"Fayette County, Pennsylvania",43879.5,77.5,151,59.9,119
"Fayette County, Texas",45608.5,54.2,22,33.3,14
"Fentress County, Tennessee",42278.0,92.7,24,83,21
"Ferry County, Washington",20511.0,46,6,37.8,4
"Fillmore County, Nebraska",40146.0,48.1,5,40.6,4
"Flagler County, Florida",36323.0,67.7,120,49.7,90
"Flathead County, Montana",19075.0,58.4,65,33.4,38
"Floyd County, Georgia",35268.0,81.1,92,55.5,63
"Floyd County, Kentucky",32396.0,149.4,73,98.7,47
"Fond du Lac County, Wisconsin",56856.0,60.7,76,41.8,53
"Forsyth County, North Carolina",72889.0,70.9,277,52.9,206
"Fort Bend County, Texas",123893.33333333333,43.1,188,31.9,132
"Franklin County, Alabama",29055.0,72.4,28,65.8,25
"Franklin County, Georgia",37764.0,81.4,25,64.5,19
"Franklin County, Illinois",35488.0,103.4,59,73.7,42
"Franklin County, Indiana",50019.0,64.7,18,57.1,16
"Franklin County, Iowa",36195.0,54.7,8,45.3,7
"Franklin County, Ohio",87031.5,70.3,736,53.5,553
"Franklin County, Tennessee",71304.0,70.6,41,54.4,31
"Franklin County, Washington",48756.0,52.7,27,38.5,19
"Frederick County, Maryland",81031.5,52.7,124,40.6,95
"Frederick County, Virginia",98682.0,72.3,64,52.6,46
"Fremont County, Colorado",36749.0,56.4,38,41.3,28
"Fremont County, Wyoming",50131.0,45.7,22,38.6,19
"Fresno County, California",18417.0,50.8,411,36.2,291
"Fulton County, Georgia",70281.0,54.5,431,38.3,298
"Fulton County, Illinois",50877.5,74.9,38,54.2,28
"Fulton County, New York",37916.0,80,58,47.6,35
"Gadsden County, Florida",34291.0,66.4,38,51.5,29
"Gage County, Nebraska",42310.0,59.5,19,40.6,13
"Gallatin County, Montana",52179.0,37.1,29,27.8,21
"Gallia County, Ohio",46929.0,88.7,35,67.2,26
"Galveston County, Texas",43322.0,63.2,192,54.5,162
"Garfield County, Colorado",62160.0,43.2,19,26.1,11
"Garfield County, Oklahoma",43560.0,62.4,46,51.8,39
"Garland County, Arkansas",46562.0,80.6,121,62.5,95
"Garvin County, Oklahoma",30316.0,87.9,32,72.2,26
"Gasconade County, Missouri",34873.0,64,15,38,9
"Geauga County, Ohio",78759.5,51.4,63,35.2,43
"Genesee County, New York",56668.333333333336,80.4,61,58.2,45
"Geneva County, Alabama",21608.0,90.3,35,71.2,27
"George County, Mississippi",38896.0,74.7,19,76.9,18
"Gibson County, Indiana",37452.0,70,29,48.6,20
"Gibson County, Tennessee",54828.0,80.5,52,62.1,40
"Gila County, Arizona",102782.33333333333,54.3,52,43.8,42
"Giles County, Tennessee",36690.0,82.1,33,59.9,24
"Glenn County, California",36830.0,61.2,19,43.8,14
"Gloucester County, New Jersey",78373.0,80.5,250,55.5,172
"Gonzales County, Texas",33724.0,47.3,12,40.4,10
"Goshen County, Wyoming",30226.0,52.5,10,40.5,8
"Grady County, Oklahoma",33231.0,67.6,41,56.7,35
"Grafton County, New Hampshire",41990.5,56.4,65,38.6,44
"Graham County, Arizona",46917.0,45.5,16,33.8,12
"Grand Forks County, North Dakota",61406.333333333336,59.7,36,42.6,26
"Grant County, Arkansas",42506.333333333336,96.1,21,66.9,14
"Grant County, Indiana",36325.0,85.5,78,64,59
"Grant County, New Mexico",24350.5,44.7,22,30,15
"Grant County, Oklahoma",52017.5,60.2,4,64,5
"Grant County, Oregon",32439.0,41.9,6,29.8,4
"Grant County, Washington",29646.0,57.1,49,44.5,39
"Grant County, Wisconsin",48882.333333333336,51.5,33,39.7,26
"Graves County, Kentucky",36067.0,85.8,43,72.8,36
"Grays Harbor County, Washington",36788.0,81.9,81,62.6,61
"Grayson County, Virginia",23743.0,63.6,16,62.7,16
"Green County, Wisconsin",51735.0,58.6,27,41.2,19
"Green Lake County, Wisconsin",44518.0,53.7,15,40.7,12
"Greene County, Alabama",12379.0,87.9,10,34.5,5
"Greene County, Arkansas",31094.0,89.2,45,69.6,34
"Greene County, Georgia",21202.0,69.9,19,37.3,10
"Greene County, Iowa",39657.0,63.7,9,56.4,8
"Greene County, Mississippi",43993.0,46.1,7,45.9,7
"Greene County, Missouri",53347.0,69.8,220,51.3,162
"Greene County, New York",52459.0,72.7,51,54.1,38
"Greene County, Pennsylvania",40005.5,84.2,42,60,29
"Greensville County, Virginia",43786.0,81.5,12,53.1,8
"Greenville County, South Carolina",79367.5,64.6,324,48.8,241
"Greenwood County, South Carolina",24054.0,63.2,54,50.4,43
"Gregg County, Texas",51430.0,71.9,97,55.6,76
"Grundy County, Iowa",48244.0,48.7,9,33.5,6
"Guadalupe County, Texas",52226.0,58.6,80,41.6,56
"Guilford County, North Carolina",108197.0,70.3,367,48.3,251
"Gwinnett County, Georgia",65595.0,51.8,288,37.3,200
"Hale County, Alabama",19262.5,71,14,57.8,11
"Hall County, Georgia",60688.0,61.2,108,45.6,81
"Hamilton County, Illinois",31936.0,85.2,11,80.2,10
"Hamilton County, Nebraska",54226.0,48,6,34.1,4
"Hamilton County, Ohio",63295.71428571428,75.1,673,55.7,500
"Hamilton County, Tennessee",65072.75,68.4,286,49.6,206
"Hampden County, Massachusetts",71730.0,67.8,368,49.5,271
"Hampshire County, West Virginia",22237.0,83.8,27,63.5,20
"Hampton County, South Carolina",29069.0,78.1,20,54.2,14
"Hancock County, Illinois",35798.0,74.4,21,54.9,16
"Hancock County, Maine",43667.5,68.8,56,47.1,39
"Hancock County, Ohio",68934.0,57.9,52,48.4,44
"Hardee County, Florida",32041.0,69,20,49.1,14
"Hardeman County, Tennessee",20011.0,94.2,31,64.3,21
"Hardin County, Illinois",24773.0,90.3,6,57.4,4
"Hardin County, Iowa",51197.0,58.5,16,46.9,13
"Hardin County, Kentucky",34917.0,101.5,104,69.3,71
"Hardin County, Ohio",34614.0,72.9,26,57.9,21
"Hardin County, Texas",76503.5,66.4,42,53.8,34
"Harford County, Maryland",78763.25,68.6,184,49.9,131
"Harlan County, Kentucky",21210.0,127.6,48,95.3,34
"Harnett County, North Carolina",33508.0,86.3,93,60.2,63
"Harris County, Georgia",31453.0,62,24,45.8,17
"Harris County, Texas",60382.75,56,1768,40.3,1243
"Harrison County, Indiana",30547.0,90.7,43,62.9,29
"Harrison County, Iowa",17702.0,86.4,18,48.3,10
"Harrison County, Mississippi",44871.5,89.5,179,67.5,132
"Harrison County, West Virginia",38937.5,87.3,82,61.5,58
"Hart County, Georgia",33343.0,69,25,51.1,19
"Hart County, Kentucky",52246.0,114.5,27,90.2,21
"Haskell County, Oklahoma",24240.666666666668,75.8,13,69.9,12
"Haskell County, Texas",38934.0,40.6,4,60.1,5
"Hawaii County, Hawaii",71176.08737864078,44.9,107,33.3,79
"Henderson County, Illinois",30729.0,78.2,9,62.3,7
"Henderson County, Kentucky",34120.0,97.8,54,67.5,38
"Henderson County, North Carolina",31430.0,59.9,109,43.5,80
"Henderson County, Texas",59625.0,89.9,104,60.2,70
"Hendricks County, Indiana",87406.0,69.9,98,50.5,69
"Henrico County, Virginia",67426.0,57.2,190,46.2,154
"Henry County, Georgia",44642.0,60.3,102,46.7,74
"Henry County, Indiana",34951.5,76.6,49,65.1,42
"Henry County, Iowa",33896.0,70.4,18,51.5,13
"Henry County, Missouri",29208.0,100.3,33,83.6,28
"Henry County, Ohio",44711.0,55.3,20,48.2,18
"Hernando County, Florida",37161.75,74.9,241,55.8,183
"Hidalgo County, Texas",30140.14285714286,32.7,200,22.5,137
"Highland County, Ohio",36017.0,75.8,41,66.7,36
"Hill County, Texas",38000.0,69.9,35,63.1,31
"Hillsborough County, Florida",66644.0,69.7,895,48.3,616
"Hocking County, Ohio",31009.0,75.9,28,66.3,25
"Holmes County, Mississippi",17417.0,95,19,62.2,13
"Honolulu County, Hawaii",87972.0,48.3,550,32.9,377
"Hopkins County, Kentucky",27021.0,89.9,55,66.6,41
"Hopkins County, Texas",33635.0,66,29,49,22
"Horry County, South Carolina",33970.0,74.7,286,58.5,219
"Hot Spring County, Arkansas",26931.0,94.2,41,75.3,32
"Houston County, Texas",25559.0,63.1,22,47.4,16
"Hughes County, Oklahoma",31893.0,88.5,17,77.6,15
"Hughes County, South Dakota",54848.0,52.1,10,30.7,6
"Humboldt County, California",33986.75,56.4,86,42.7,65
"Humboldt County, Iowa",41648.0,54.5,9,31,5
"Hunt County, Texas",28375.0,80.2,82,63.1,63
"Huntingdon County, Pennsylvania",32169.333333333332,58.4,36,45.7,29
"Huron County, Ohio",49570.5,78.2,54,63.3,43
"Hutchinson County, South Dakota",47192.0,41.9,5,31.8,4
"Iberville Parish, Louisiana",43118.0,92.2,34,67,24
"Ida County, Iowa",47456.0,55.6,6,41.7,5
"Indian River County, Florida",133628.0,67,180,51.2,143
"Indiana County, Pennsylvania",51367.5,52.9,59,36.8,42
"Inyo County, California",11792.0,45.7,13,36.5,11
"Iowa County, Iowa",43296.0,47.5,11,40.6,9
"Iowa County, Wisconsin",26351.0,56,17,37.2,11
"Iron County, Utah",40639.0,29.5,11,19.7,7
"Iroquois County, Illinois",42414.4,72,31,52,23
"Island County, Washington",44366.5,48.2,56,32.4,38
"Jackson County, Alabama",31635.0,80.9,58,64,46
"Jackson County, Arkansas",43190.5,104.4,24,83.5,19
"Jackson County, Florida",34725.0,48.4,31,52.8,34
"Jackson County, Georgia",63877.0,78.4,50,62.1,37
"Jackson County, Indiana",27022.0,81.4,42,70.7,37
"Jackson County, Iowa",37277.0,66.1,18,53.8,15
"Jackson County, Mississippi",44299.5,75.8,116,61.3,92
"Jackson County, Missouri",56624.5,75.3,542,55.3,398
"Jackson County, Oklahoma",39080.0,58.6,17,58.6,17
"Jackson County, Oregon",45460.0,62.6,184,45.6,134
"Jackson County, Wisconsin",50237.0,69,19,50.7,14
"Jasper County, Iowa",49305.75,72.4,36,53.8,27
"Jasper County, Missouri",41970.5,85.8,109,60.7,78
"Jay County, Indiana",35704.0,68.9,18,57.7,15
"Jefferson County, Alabama",34483.5,65.1,482,51.5,381
"Jefferson County, Colorado",72051.0,43.7,262,30.5,179
"Jefferson County, Iowa",51050.0,49.5,11,34.6,7
"Jefferson County, Kentucky",87293.45454545454,89.6,759,60.5,512
"Jefferson County, New York",51927.0,79.6,88,50.4,56
"Jefferson County, Ohio",52296.0,78.6,78,58.7,59
"Jefferson County, Tennessee",47912.0,68.9,49,51.1,36
"Jefferson County, Texas",32888.0,65.7,178,49.8,134
"Jefferson County, Washington",41472.0,55.7,34,43.5,27
"Jefferson County, West Virginia",43909.0,71,41,51.6,30
"Jefferson County, Wisconsin",52649.0,56.2,52,38.7,36
"Jefferson Parish, Louisiana",30489.0,67.4,340,52.3,262
"Jenkins County, Georgia",23861.0,68.6,7,60,6
"Jessamine County, Kentucky",38089.0,89,44,59.7,29
"Johnson County, Illinois",29082.0,83.6,15,60.5,10
"Johnson County, Indiana",55631.0,67.9,101,50.1,73
"Johnson County, Iowa",74285.33333333333,50.5,53,36.7,37
"Johnson County, Missouri",40354.0,66.1,33,54.1,26
"Johnson County, Nebraska",19940.0,97.5,7,46.6,3
"Johnson County, Texas",50201.0,71.5,109,56.1,86
"Johnson County, Wyoming",49288.0,38.2,5,29.9,4
"Jones County, Texas",36413.0,60.1,14,48.5,11
"Juneau County, Wisconsin",36088.0,67.5,26,54.7,21
"Kanawha County, West Virginia",40294.71428571428,87.3,231,64.5,170
"Kane County, Illinois",77900.0,58.9,266,43.7,193
"Karnes County, Texas",32735.0,72,12,41.1,7
"Kauai County, Hawaii",59351.5,45.2,39,34.6,30
"Kearney County, Nebraska",46366.0,60.8,6,47.6,4
"Kenai Peninsula Borough, Alaska",59124.0,64.9,39,50.1,28
"Kendall County, Illinois",76758.5,54.6,45,39.3,32
"Kendall County, Texas",58288.0,44,21,29.5,14
"Kennebec County, Maine",46976.0,75.6,121,57.3,91
"Kenosha County, Wisconsin",59537.0,73.1,120,52.7,87
"Kent County, Delaware",57033.319444444445,79.2,147,57,105
"Kent County, Rhode Island",56355.77906976744,68.9,150,52.6,116
"Kenton County, Kentucky",44465.0,90.3,145,65,102
"Keokuk County, Iowa",36086.5,68.1,10,55.1,9
"Kern County, California",42290.0,55.7,371,41.4,270
"King County, Washington",81556.2,51.8,972,36.4,681
"Kit Carson County, Colorado",32387.5,55.1,6,36,4
"Kitsap County, Washington",59525.333333333336,60.5,173,43,123
"Kittitas County, Washington",29794.0,47.4,20,44.4,18
"Knott County, Kentucky",21072.0,116.1,23,85.9,17
"Knox County, Illinois",49452.0,69.1,53,52.5,40
"Knox County, Indiana",34671.0,76,37,53.6,26
"Knox County, Kentucky",32123.0,125,50,85.9,33
"Knox County, Ohio",39035.666666666664,69.8,51,48,35
"Kodiak Island Borough, Alaska",60544.0,74.7,7,76.2,6
"Kosciusko County, Indiana",45592.5,71.6,64,54,47
"LaPorte County, Indiana",80397.0,77.2,103,55.9,74
"Lackawanna County, Pennsylvania",62490.0,70.4,208,47.5,144
"Lafayette County, Missouri",39350.0,73.9,32,50.1,21
"Lafayette County, Wisconsin",38615.0,47.5,11,35.5,8
"Lake County, Florida",35935.0,76,400,52.9,279
"Lake County, Illinois",83744.0,58.2,379,40.1,257
"Lake County, Indiana",75237.5,74,412,53.8,298
"Lake County, Montana",58239.0,52.6,21,37.4,15
"Lake County, Ohio",44379.0,73,222,55.4,169
"Lake County, Oregon",35179.0,47,6,33.3,4
"Lamar County, Alabama",34725.0,80.4,17,72.2,15
"Lamb County, Texas",38017.0,41,7,31.1,5
"Lamoille County, Vermont",35120.0,66.1,19,43.9,13
"Lampasas County, Texas",39685.0,74.1,19,66.5,17
"Lancaster County, Pennsylvania",64448.75,53.3,340,38.5,249
"Lancaster County, South Carolina",30383.0,67.5,68,52.1,51
"Latah County, Idaho",40591.0,50.6,17,37.2,12
"Lauderdale County, Mississippi",69195.0,70.4,65,53,49
"Laurens County, Georgia",31183.0,69.5,41,54.6,32
"Lawrence County, Alabama",28180.0,88.1,37,70,29
"Lawrence County, Illinois",32240.0,88.2,19,66.4,14
"Lawrence County, Mississippi",20679.0,106,17,76,12
"Lawrence County, Missouri",26383.5,66.5,34,53.7,27
"Lawrence County, Ohio",39225.5,83.4,66,67.8,53
"Lawrence County, Pennsylvania",43453.0,71.3,95,52.1,71
"Lawrence County, Tennessee",29150.0,78.2,43,68.3,37
"Le Flore County, Oklahoma",26535.0,62.2,38,75.4,47
"Lea County, New Mexico",51067.0,57.7,34,40.8,24
"Lebanon County, Pennsylvania",55061.666666666664,65.3,120,49.8,92
"Lee County, Alabama",50828.5,59.4,71,57.1,66
"Lee County, Arkansas",23139.333333333332,57,8,61.9,8
"Lee County, Florida",39805.2,59.2,651,39.9,441
"Lee County, North Carolina",52298.0,76.6,51,54.7,36
"Lee County, Virginia",20464.5,82.4,27,85.9,28
"Lehigh County, Pennsylvania",55782.0,63.6,271,41,178
"Lemhi County, Idaho",24559.0,46.5,7,40.6,6
"Lenoir County, North Carolina",28049.0,73,57,53.2,42
"Letcher County, Kentucky",32254.0,118.5,37,96.1,29
"Levy County, Florida",32177.0,103.5,67,77.3,49
"Lewis County, Kentucky",8462.0,112.6,19,84.1,14
"Lewis County, Missouri",46812.0,79.9,11,68.9,9
"Lewis County, New York",30454.0,62.7,22,51.8,18
"Lewis County, Tennessee",35966.0,116.1,19,81.6,13
"Lewis County, Washington",45146.5,61.9,65,52.8,56
"Lewis and Clark County, Montana",51437.0,65.2,49,45.4,34
"Liberty County, Texas",33331.0,84.3,64,69.4,52
"Limestone County, Texas",37876.0,81.8,24,57.9,17
"Lincoln County, Maine",22287.5,50.8,30,43.8,26
"Lincoln County, Montana",22954.0,71.4,24,56.8,18
"Lincoln County, Oklahoma",38234.333333333336,66.3,30,66.4,29
"Lincoln County, Oregon",35673.0,74.4,60,58.9,47
"Lincoln County, West Virginia",35798.0,111.5,32,77.3,22
"Lincoln County, Wyoming",57848.0,32.1,7,26.8,5
"Lincoln Parish, Louisiana",34648.666666666664,60.7,27,45.9,20
"Linn County, Iowa",81314.5,65.7,152,47.6,110
"Linn County, Missouri",46365.0,91.5,17,65.6,12
"Linn County, Oregon",46321.5,71.3,106,53.4,79
"Litchfield County, Connecticut",65436.0,62.5,160,38.7,99
"Livingston County, Illinois",50292.0,81.6,40,49.7,25
"Livingston County, Kentucky",60926.0,113.1,16,81.6,12
"Livingston County, New York",60330.0,67.2,52,45.8,36
"Livingston Parish, Louisiana",56271.0,81.6,98,66.4,77
"Llano County, Texas",36632.0,53.4,24,42.3,19
"Logan County, Illinois",54340.333333333336,90.7,34,52.9,20
"Logan County, Kentucky",32184.0,103.5,36,77.8,26
"Logan County, Ohio",36302.0,70.7,40,60,34
"Logan County, Oklahoma",59537.0,67.4,32,50.3,24
"Logan County, West Virginia",23474.0,115.7,56,95.1,45
"Long County, Georgia",37868.0,88.9,10,60.6,7
"Lonoke County, Arkansas",39255.0,91.9,62,72.3,49
"Lorain County, Ohio",67416.0,71,259,55.1,200
"Los Alamos County, New Mexico",100732.0,26.5,7,15.8,4
"Los Angeles County, California",69254.4375,39.9,3701,31.1,2876
"Loudoun County, Virginia",117292.5,40.8,85,34.2,67
"Louisa County, Iowa",47936.0,64.1,9,44.9,6
"Lowndes County, Georgia",31941.0,65.3,62,52.8,49
"Lowndes County, Mississippi",53497.0,70.2,45,56.4,37
"Lubbock County, Texas",41571.0,53.2,139,39.3,102
"Lucas County, Ohio",62541.0,61.9,306,55.4,275
"Luzerne County, Pennsylvania",49170.88888888889,68.7,308,46.1,210
"Lycoming County, Pennsylvania",42082.0,67.1,101,51,78
"Lynn County, Texas",28387.0,47.9,4,45.7,3
"Lyon County, Iowa",53195.0,45.2,7,24.4,3
"Macomb County, Michigan",48015.333333333336,75.2,756,52.2,527
"Macon County, Georgia",14842.0,69,11,55.9,9
"Macon County, Illinois",53863.0,96.6,140,62.8,92
"Macon County, North Carolina",43438.5,75.4,46,57.9,35
"Macon County, Tennessee",29340.0,100.4,27,77.5,21
"Macoupin County, Illinois",50128.0,79.5,52,59.9,39
"Madera County, California",36022.5,51.8,76,37,53
"Madison County, Arkansas",33565.0,67.8,14,58.5,12
"Madison County, Illinois",50112.25,83.5,265,58.5,186
"Madison County, Montana",30579.0,44.9,6,31.3,4
"Madison County, Nebraska",55360.5,61.4,25,40.5,17
"Madison County, New York",44733.5,79.9,69,56.2,49
"Madison County, North Carolina",24847.0,56.5,18,47,14
"Madison County, Ohio",73201.0,74.8,36,52.8,25
"Madison County, Texas",53737.0,53.7,8,49.9,8
"Mahaska County, Iowa",50173.0,79.1,22,66.6,19
"Major County, Oklahoma",58799.0,59.3,6,42.7,5
"Malheur County, Oregon",38718.0,54,20,41.5,15
"Manatee County, Florida",28402.0,59,328,41.7,236
"Manitowoc County, Wisconsin",56412.0,52.2,59,38.4,44
"Marathon County, Wisconsin",58024.0,48.8,78,37.7,61
"Maricopa County, Arizona",64314.5,52.2,2059,37.2,1463
"Marin County, California",118826.5,41.6,145,29.7,106
"Marinette County, Wisconsin",20895.0,72.3,47,50.2,33
"Marion County, Alabama",32411.5,74.2,33,51.7,23
"Marion County, Arkansas",35834.0,82.7,26,72.5,22
"Marion County, Illinois",38108.0,91.5,49,67.6,36
"Marion County, Indiana",57622.0,79.7,682,64.3,545
"Marion County, Iowa",37296.0,57.4,24,43.6,18
"Marion County, Kentucky",30864.0,100.8,22,69.1,15
"Marion County, Missouri",30300.0,87.9,33,58.6,22
"Marion County, Ohio",33365.0,82.9,67,62.2,51
"Marion County, Oregon",47273.0,66.1,227,45.9,157
"Marion County, South Carolina",25157.5,79.3,33,62.1,25
"Marion County, Tennessee",53032.0,102.9,40,69.9,27
"Marquette County, Wisconsin",38690.5,76.3,19,59.2,15
"Marshall County, Iowa",47999.0,65.8,35,49.3,27
"Marshall County, Oklahoma",36452.0,71.7,18,61.9,15
"Mason County, Illinois",51518.0,92.3,20,63.9,14
"Massac County, Illinois",32224.0,100.9,22,67.9,15
"Matagorda County, Texas",21174.0,67.8,31,48.2,21
"Matanuska-Susitna Borough, Alaska",84804.0,69.7,51,53.9,37
"Mathews County, Virginia",54108.0,64.6,10,47.6,9
"Maui County, Hawaii",63040.0,43.2,80,28.6,51
"Maverick County, Texas",33654.0,36.7,17,23.1,10
"Mayes County, Oklahoma",37838.25,84.2,44,63.9,33
"McClain County, Oklahoma",53546.0,83,32,60.1,23
"McCook County, South Dakota",51345.0,86,7,57.6,5
"McCurtain County, Oklahoma",26490.0,94.2,39,65.6,27
"McDonald County, Missouri",35626.0,77.8,19,80.6,19
"McDowell County, North Carolina",27898.0,88.6,54,58.1,35
"McDowell County, West Virginia",20245.0,103.9,32,86.6,26
"McHenry County, Illinois",82009.0,65.3,185,51.9,143
"McHenry County, North Dakota",42994.666666666664,63.6,6,41.7,4
"McIntosh County, Oklahoma",21435.0,76.9,26,70.1,24
"McKinley County, New Mexico",46760.0,13.5,9,11.6,7
"McLean County, Illinois",60305.5,64.1,97,44.7,68
"Meade County, Kentucky",57160.5,118.1,33,87,24
"Meade County, South Dakota",43773.0,56.4,15,44.9,12
"Meigs County, Ohio",21736.0,71.8,22,51.7,16
"Menard County, Illinois",42906.0,75.9,13,62.1,10
"Mendocino County, California",83217.0,52.2,62,42.1,51
"Merced County, California",40832.0,56.9,120,41.1,85
"Mercer County, Illinois",41708.666666666664,76.7,19,48.2,12
"Mercer County, Missouri",33494.0,114.1,7,74.2,4
"Mercer County, North Dakota",57050.0,50.6,6,36.8,4
"Mercer County, Pennsylvania",40092.666666666664,66.9,110,50.6,86
"Mercer County, West Virginia",37552.0,84,75,65.2,59
"Merrimack County, New Hampshire",60744.5,66.9,118,46.6,84
"Miami County, Indiana",33239.0,77.1,34,68,29
"Miami County, Ohio",48226.0,73.7,95,54.9,72
"Miami-Dade County, Florida",81822.5,44.4,1310,29.9,885
"Middlesex County, Massachusetts",90640.33333333333,61.8,1031,42.5,713
"Middlesex County, New Jersey",81616.71428571429,53.4,459,37,319
"Mifflin County, Pennsylvania",37092.333333333336,70.4,48,52,36
"Milam County, Texas",18716.0,65.2,23,47.1,17
"Miller County, Missouri",21539.0,88.8,28,68.4,22
"Milwaukee County, Wisconsin",51433.0,71.1,658,52,484
"Mineral County, Montana",53179.0,66.4,5,56.9,4
"Mineral County, West Virginia",19861.0,82.3,32,65.2,26
"Minnehaha County, South Dakota",68030.0,65.3,110,52.1,87
"Mississippi County, Arkansas",37849.333333333336,73.6,36,70.2,34
"Mississippi County, Missouri",31335.0,100,18,97.2,17
"Missoula County, Montana",53695.25,56.9,61,42,45
"Mitchell County, Iowa",33246.75,48.2,9,24.8,5
"Mobile County, Alabama",46262.0,75.4,347,63.3,289
"Modoc County, California",21074.5,43.7,6,34.8,5
"Mohave County, Arizona",41769.0,76.6,280,59.1,216
"Moniteau County, Missouri",33684.0,54.6,10,46.6,8
"Monmouth County, New Jersey",79969.66666666667,63.9,475,42.8,317
"Monona County, Iowa",40534.0,58.3,9,46.6,8
"Monroe County, Illinois",52616.0,60.9,24,43.6,17
"Monroe County, Indiana",22414.0,66.9,81,49.7,61
"Monroe County, Mississippi",48360.0,81.6,38,57.1,26
"Monroe County, New York",41490.0,65.2,569,46.4,405
"Monroe County, Ohio",44970.5,60.3,13,54.6,12
"Monroe County, Tennessee",37846.0,98.6,60,73.4,45
"Monterey County, California",59995.0,42.6,163,31.7,121
"Montezuma County, Colorado",34138.0,40.2,15,31,12
"Montgomery County, Arkansas",26738.0,67.5,11,50.4,8
"Montgomery County, Illinois",33175.0,86.5,34,68.5,28
"Montgomery County, Indiana",49894.0,70,33,54.5,26
"Montgomery County, Maryland",131121.75,35.4,371,25,263
"Montgomery County, Mississippi",27429.0,65.6,10,57,8
"Montgomery County, New York",42740.0,81.1,53,50.7,34
"Montgomery County, North Carolina",38053.0,71.3,26,49.4,18
"Montgomery County, Ohio",36504.5,76.4,507,56.3,376
"Montgomery County, Pennsylvania",78794.6,56.8,569,40.4,408
"Montgomery County, Texas",90121.0,61.3,271,47,201
"Moore County, Texas",42025.0,65.5,12,46.1,8
"Morgan County, Alabama",39591.0,80.4,116,60.5,88
"Morgan County, Colorado",40100.0,49.5,16,41.2,13
"Morgan County, Georgia",39526.0,65.5,16,49.2,11
"Morgan County, Indiana",47794.0,83.9,65,66.4,52
"Morgan County, Missouri",29816.0,85,29,65.6,23
"Morgan County, Tennessee",36881.0,94.3,26,71.7,19
"Morris County, New Jersey",92516.5,49.6,287,34.8,201
"Morrow County, Oregon",39497.0,62.3,8,53.5,7
"Morton County, North Dakota",55890.0,68.7,24,45.2,16
"Moultrie County, Illinois",44172.0,56.9,11,46.1,9
"Muhlenberg County, Kentucky",23266.0,102.6,42,77.3,32
"Multnomah County, Oregon",60392.0,62.2,432,47.5,327
"Muscatine County, Iowa",79528.0,62.8,31,48.4,23
"Muskingum County, Ohio",43781.0,80.6,87,69.6,75
"Muskogee County, Oklahoma",36450.5,97.9,84,74,63
"Musselshell County, Montana",18627.0,82,6,66.6,5
"Nacogdoches County, Texas",18980.0,74.5,47,59.7,37
"Nantucket County, Massachusetts",82252.0,52.8,6,42.7,5
"Nash County, North Carolina",74344.0,72.8,85,58,68
"Nassau County, Florida",39763.5,81.2,83,57.3,57
"Nassau County, New York",102167.06666666667,58.4,992,34.8,605
"Navajo County, Arizona",27738.666666666668,39.6,46,31,35
"Navarro County, Texas",39223.0,62.3,35,59.9,35
"Nelson County, Kentucky",30268.0,90.4,42,64.2,30
"Nemaha County, Nebraska",38076.666666666664,62.5,6,37.4,4
"New Castle County, Delaware",79592.0,67.3,387,50.3,289
"New Haven County, Connecticut",56900.0,70.2,718,44.9,467
"New London County, Connecticut",77668.5,68.7,224,43.3,142
"New Madrid County, Missouri",30429.25,112.7,28,84.5,21
"Newton County, Arkansas",22379.0,63.9,9,64.9,9
"Newton County, Georgia",33963.0,78.9,69,59.5,51
"Newton County, Missouri",74656.0,57.8,42,55.5,40
"Nez Perce County, Idaho",40102.0,69.3,38,54,30
"Niagara County, New York",56683.0,80.1,227,56.3,159
"Nicholas County, West Virginia",33056.0,67.5,25,66.3,25
"Noble County, Indiana",38124.0,69,35,54.7,28
"Nodaway County, Missouri",34928.0,73.5,18,48.7,12
"Nolan County, Texas",31429.0,58.9,12,58.9,11
"Nome Census Area, Alaska",64415.0,103.6,6,96.1,6
"Norfolk County, Massachusetts",80588.5,63,511,42.8,354
"North Slope Borough, Alaska",61967.0,153.4,6,124.9,5
"Northampton County, North Carolina",30846.5,72.4,24,56.8,19
"Northampton County, Pennsylvania",49880.0,64.7,249,45.5,177
"Northampton County, Virginia",24988.0,83.6,17,73.6,15
"Northumberland County, Pennsylvania",37884.0,66.3,91,52.4,73
"Nowata County, Oklahoma",42861.0,59.7,9,54.9,8
"Nueces County, Texas",38931.0,51.7,184,38.1,134
"O'Brien County, Iowa",51434.0,53.2,12,39.3,9
"Oakland County, Michigan",70655.0,62.8,866,41,567
"Obion County, Tennessee",34965.0,72.6,31,71.5,30
"Ocean County, New Jersey",51759.5,71.4,645,47.7,442
"Oconee County, Georgia",72681.0,46.8,15,34.3,11
"Oconto County, Wisconsin",31207.0,76.5,39,47.2,24
"Ogle County, Illinois",48939.0,66.7,45,45.8,31
"Ohio County, Kentucky",24612.0,124.8,38,94.6,28
"Ohio County, West Virginia",44470.5,73.5,47,52.8,35
"Okaloosa County, Florida",60972.0,71.8,153,57.1,121
"Okanogan County, Washington",25738.333333333332,62.8,36,47.1,26
"Okfuskee County, Oklahoma",20632.0,65.3,11,64.6,10
"Okmulgee County, Oklahoma",32335.5,95.2,48,71.9,36
"Oneida County, New York",42117.5,79.9,245,53,164
"Onondaga County, New York",51461.0,78.2,432,52.4,289
"Orange County, California",98459.66666666667,44.1,1326,32.6,979
"Orange County, Florida",56122.0,57.6,588,42.1,424
"Orange County, New York",67782.25,67.8,248,46.5,167
"Orangeburg County, South Carolina",26057.5,63.3,71,48,54
"Osage County, Missouri",32435.0,59.6,10,41.5,7
"Osage County, Oklahoma",54211.0,55.9,36,56,36
"Osceola County, Iowa",43383.0,52.1,5,47.2,5
"Oswego County, New York",53720.0,92.6,126,65.9,88
"Otero County, New Mexico",45183.0,58.5,45,43.2,33
"Otsego County, New York",38784.0,66.5,55,52,43
"Ottawa County, Oklahoma",26730.0,80.2,34,74,32
"Ouachita County, Arkansas",18742.0,84,30,55.8,20
"Ouachita Parish, Louisiana",37926.5,78.3,126,62,99
"Outagamie County, Wisconsin",37492.0,54.8,99,39.6,72
"Oxford County, Maine",24729.0,85.6,70,60.9,50
"Ozark County, Missouri",40475.5,78.9,14,61.6,11
"Ozaukee County, Wisconsin",72937.2,49.4,55,32.5,37
"Pacific County, Washington",30912.0,62,24,55.9,22
"Page County, Virginia",39016.5,66.1,22,59.8,20
"Palm Beach County, Florida",51355.57142857143,54.1,1183,37.3,852
"Park County, Colorado",42948.0,35.8,8,25.5,4
"Park County, Wyoming",48904.0,36.3,15,34.2,14
"Parke County, Indiana",32345.0,75.1,17,64,14
"Parker County, Texas",120366.0,70.9,92,56.9,71
"Pasco County, Florida",38689.71428571428,75.9,552,57.3,422
"Pawnee County, Oklahoma",36531.0,77.7,18,58.3,13
"Pecos County, Texas",62160.0,40.7,6,39.5,6
"Pembina County, North Dakota",47256.0,65.2,8,56.7,7
"Pennington County, South Dakota",49409.0,66.1,78,46.9,55
"Penobscot County, Maine",43660.5,84.4,160,60.4,116
"Peoria County, Illinois",56848.5,84,180,60.1,129
"Pepin County, Wisconsin",46024.0,53.4,6,38.1,4
"Perquimans County, North Carolina",36721.0,68.9,15,48.2,10
"Perry County, Arkansas",38460.0,98.8,14,78.5,11
"Perry County, Illinois",46371.0,74.4,21,52.8,15
"Perry County, Mississippi",28580.0,81.6,12,58.6,8
"Perry County, Ohio",53389.0,78.5,33,63.3,26
"Perry County, Pennsylvania",48189.0,71.8,41,54.1,30
"Phillips County, Arkansas",19647.0,88.1,23,90.8,23
"Piatt County, Illinois",55490.0,79.8,18,53.1,12
"Pickaway County, Ohio",50023.5,77.5,49,64.6,41
"Pickens County, Alabama",24159.0,65.6,18,57.5,16
"Pickens County, South Carolina",31770.0,74,99,51.5,69
"Pierce County, Georgia",28320.0,80.1,18,70.5,16
"Pierce County, Washington",65475.6,76.1,590,51.6,396
"Pike County, Arkansas",35864.0,87.8,13,63.5,10
"Pike County, Georgia",32388.0,75.6,15,62.9,12
"Pike County, Illinois",29621.0,68.4,17,46,11
"Pike County, Kentucky",32799.666666666664,123,98,85.4,67
"Pike County, Missouri",39279.0,94.3,22,57,13
"Pike County, Ohio",23830.0,91.3,33,67.8,24
"Pike County, Pennsylvania",56712.5,64.5,52,41.2,32
"Pima County, Arizona",35989.6,50.9,628,37.3,464
"Pinal County, Arizona",53942.0,45.5,201,33.6,146
"Pinellas County, Florida",35321.0,68.9,1032,50.6,777
"Pittsburg County, Oklahoma",31334.666666666668,76.3,47,65.9,41
"Placer County, California",54222.333333333336,49.6,222,34.3,154
"Plaquemines Parish, Louisiana",32179.0,70.4,17,51.6,12
"Platte County, Nebraska",49466.333333333336,54.9,21,40.8,16
"Plumas County, California",39832.2,44.2,15,36.5,12
"Plymouth County, Massachusetts",88846.5,72.4,430,49.6,292
"Pocahontas County, Iowa",41489.5,52.4,6,35.5,5
"Pointe Coupee Parish, Louisiana",55130.0,53.5,17,44.1,13
"Polk County, Arkansas",19338.0,67.1,22,57.8,18
"Polk County, Florida",36185.75,74.4,631,50.1,423
"Polk County, Missouri",19046.0,66,26,54,21
"Polk County, North Carolina",44090.0,50.3,19,40.8,15
"Polk County, Oregon",20406.0,52.1,48,38.3,36
"Polk County, Tennessee",22040.0,116,28,103.3,25
"Polk County, Texas",54868.0,99.4,67,73.4,49
"Pope County, Arkansas",32904.0,86.3,59,72.5,49
"Portage County, Wisconsin",71671.0,54.3,42,38.6,30
"Porter County, Indiana",93554.0,73.6,133,52.9,95
"Posey County, Indiana",49349.0,60.3,19,41.3,13
"Pottawatomie County, Oklahoma",34669.5,85.4,70,60.9,49
"Pottawattamie County, Iowa",50497.0,84.6,94,61.5,68
"Preble County, Ohio",46331.0,72.2,39,57.7,31
"Preston County, West Virginia",46843.0,68.1,31,45.8,20
"Prince William County, Virginia",97066.0,48.4,133,40.9,107
"Pueblo County, Colorado",39127.5,49.8,99,36.8,74
"Pulaski County, Arkansas",20505.0,68,277,54.7,223
"Pulaski County, Illinois",19422.0,113.1,10,74.3,7
"Pulaski County, Missouri",52421.0,103.4,35,67.9,23
"Pulaski County, Virginia",57424.0,62.8,32,59.1,30
"Pushmataha County, Oklahoma",24399.0,65.2,11,81.6,14
"Putnam County, Indiana",63749.0,95.1,41,76.4,33
"Putnam County, New York",92752.0,69,77,45.2,49
"Putnam County, Ohio",41863.0,45.5,19,36.7,15
"Quitman County, Mississippi",22896.0,75.1,7,66.1,6
"Racine County, Wisconsin",60935.0,69.5,153,47.5,104
"Raleigh County, West Virginia",33636.0,81,86,59.8,64
"Ralls County, Missouri",49236.0,67,9,65.7,9
"Ramsey County, North Dakota",40580.5,73.7,11,53.2,8
"Randolph County, Alabama",33446.0,75.5,24,58.5,18
"Randolph County, Arkansas",22527.0,83.9,21,69.9,18
"Randolph County, West Virginia",33994.0,63.3,27,50.7,20
"Rankin County, Mississippi",36012.0,76.4,111,46.9,67
"Ransom County, North Dakota",52946.0,67.9,6,55.3,5
"Rapides Parish, Louisiana",27941.0,68.9,103,53.7,81
"Ravalli County, Montana",20005.0,48.9,31,33,21
"Ray County, Missouri",39687.75,92.8,27,77.3,22
"Red River County, Texas",23174.0,67,14,51.5,11
"Red River Parish, Louisiana",56091.0,57.9,6,39.4,4
"Reeves County, Texas",31920.0,35.8,5,23.6,3
"Refugio County, Texas",34375.0,79.8,9,69.5,8
"Rensselaer County, New York",64438.0,84,157,58.4,109
"Reynolds County, Missouri",27064.5,68.4,7,59.6,6
"Rhea County, Tennessee",26763.0,99,41,77.5,31
"Richland County, Illinois",37112.0,81.6,19,56.7,13
"Richland County, South Carolina",61071.0,70.1,242,49.3,167
"Richmond County, Georgia",39414.0,72.7,148,56.8,113
"Ringgold County, Iowa",36559.0,46.1,4,41.2,4
"Rio Arriba County, New Mexico",42781.0,34.8,16,30.3,14
"Rio Grande County, Colorado",6808.0,29.2,5,21,3
"Ritchie County, West Virginia",35180.0,105.7,16,81.5,12
"Riverside County, California",59864.5,47.2,1031,37.1,808
"Robertson County, Tennessee",49438.0,83.2,59,65.1,45
"Robeson County, North Carolina",25754.5,69.2,95,58.4,79
"Rock County, Wisconsin",50259.0,74.9,139,54.5,101
"Rock Island County, Illinois",54698.5,66.8,127,52.4,101
"Rockcastle County, Kentucky",19731.0,118.1,25,89.2,19
"Rockingham County, North Carolina",45792.0,89.9,113,60.2,75
"Rockland County, New York",70996.4,50.2,177,32.9,116
"Rolette County, North Dakota",37788.0,76.5,10,72.2,9
"Roosevelt County, Montana",36771.0,64.2,6,33.7,3
"Rosebud County, Montana",26793.0,56.8,5,39.5,3
"Ross County, Ohio",45702.0,85.2,79,63.9,58
"Routt County, Colorado",47793.0,31.5,6,24.3,4
"Rowan County, North Carolina",41851.5,85.9,144,58.5,98
"Runnels County, Texas",34635.0,61.1,10,49.8,8
"Rush County, Indiana",46710.5,80.8,18,67.5,15
"Rusk County, Texas",48858.333333333336,69.8,43,51.6,33
"Rutland County, Vermont",45196.0,72.6,63,51.3,44
"Sabine County, Texas",22030.0,71.3,16,51.8,11
"Sacramento County, California",83238.5,56.9,793,42.6,595
"Salem County, New Jersey",57807.0,72.8,62,48.1,41
"Saline County, Arkansas",44049.0,73.9,100,52,69
"Saline County, Missouri",35639.75,74.3,22,52.1,16
"Saline County, Nebraska",77502.0,79.5,12,49.8,8
"Salt Lake County, Utah",86035.66666666667,32.1,260,22.1,177
"Sampson County, North Carolina",24399.5,77.7,60,60.4,46
"San Augustine County, Texas",28041.0,73.8,11,65.6,10
"San Bernardino County, California",52047.545454545456,49.5,807,39,625
"San Diego County, California",67637.0,49,1485,36,1097
"San Joaquin County, California",57688.0,56.8,353,44.8,277
"San Juan County, New Mexico",47534.0,44,53,30.1,36
"San Luis Obispo County, California",55486.5,46.9,161,34.7,120
"San Mateo County, California",74953.0,45.3,375,30.4,254
"San Miguel County, New Mexico",93362.5,37.3,14,34.4,12
"San Saba County, Texas",29321.0,60.9,6,51.7,5
"Sandusky County, Ohio",47136.0,69.2,53,56.2,43
"Sangamon County, Illinois",91709.0,77.6,183,54.1,126
"Sanpete County, Utah",59348.0,29.3,8,18.8,5
"Santa Barbara County, California",77557.5,42.1,189,29.3,134
"Santa Clara County, California",101262.66666666667,41.1,705,27.6,472
"Santa Cruz County, Arizona",27728.0,36.1,19,23.1,12
"Santa Cruz County, California",67914.33333333333,37.6,99,28.4,74
"Santa Fe County, New Mexico",44890.5,31.7,59,23,42
"Santa Rosa County, Florida",62563.0,74.9,130,61.6,104
"Sarasota County, Florida",50525.5,57.6,479,41.9,366
"Sarpy County, Nebraska",58495.0,65.1,81,49.9,62
"Sauk County, Wisconsin",48030.0,57.3,44,50,39
"Sawyer County, Wisconsin",33045.0,67.3,18,54.9,15
"Schoharie County, New York",36775.0,65.1,29,44.4,20
"Schuyler County, Missouri",29751.5,64.2,4,70,4
"Schuylkill County, Pennsylvania",48903.0,68.1,144,52.8,114
"Scioto County, Ohio",40705.333333333336,97.8,96,73.2,71
"Scott County, Illinois",41167.0,83.2,6,52.1,4
"Scott County, Iowa",51689.666666666664,72.7,134,53.2,99
"Scott County, Kentucky",31180.0,87.3,37,59.5,24
"Scott County, Missouri",41013.0,99,49,73.8,36
"Scott County, Tennessee",28211.666666666668,109.2,29,94.9,24
"Scott County, Virginia",46659.0,72.1,25,67.2,24
"Screven County, Georgia",23022.5,79.1,15,57,10
"Sebastian County, Arkansas",35698.0,78.2,108,62.1,85
"Seminole County, Oklahoma",32259.0,85.9,29,72.4,24
"Seneca County, New York",46673.0,81.3,37,46.6,21
"Seneca County, Ohio",37530.0,72.1,49,54,38
"Sequoyah County, Oklahoma",38033.0,71.1,38,70.4,37
"Sevier County, Tennessee",49660.0,83.5,99,61.8,72
"Sevier County, Utah",48295.0,30.3,7,21.3,5
"Seward County, Nebraska",57506.5,44.2,9,32.2,7
"Shannon County, Missouri",19914.0,70.3,9,57.8,7
"Shasta County, California",39060.4,62.5,154,48.6,119
"Sheboygan County, Wisconsin",70649.0,60.6,84,45.2,63
"Shelby County, Alabama",47489.666666666664,57.1,108,47.3,88
"Shelby County, Illinois",49003.333333333336,77.1,25,46.9,16
"Shelby County, Indiana",61406.0,81.8,43,56.2,30
"Shelby County, Iowa",43722.0,52.4,10,37,7
"Shelby County, Missouri",31216.5,71.9,7,39.6,3
"Shelby County, Tennessee",108961.0,67.3,587,53.2,457
"Shenandoah County, Virginia",46834.0,67.4,41,54.3,33
"Sheridan County, Wyoming",64759.0,52,20,42,15
"Sierra County, New Mexico",22991.0,55.1,16,49,14
"Simpson County, Mississippi",41031.0,85.9,28,60.5,20
"Sioux County, Iowa",61005.0,43.1,16,33.9,13
"Skagit County, Washington",39390.0,63.1,98,47.1,74
"Smith County, Mississippi",33298.5,61.9,13,65.8,14
"Smith County, Texas",68877.0,67.3,166,47.8,118
"Smyth County, Virginia",27493.0,92,42,79.5,36
"Snohomish County, Washington",72509.0,64.1,433,45,300
"Snyder County, Pennsylvania",44520.0,50.4,25,38.2,19
"Socorro County, New Mexico",11572.0,47.8,10,35.9,7
"Solano County, California",88891.0,58.1,246,44.3,186
"Somerset County, New Jersey",94290.5,48.7,171,35.3,122
"Somerset County, Pennsylvania",57841.0,48.5,56,37.1,43
"Sonoma County, California",56403.75,49.5,288,38.4,223
"Spencer County, Indiana",45483.0,77.9,21,51.3,14
"Spink County, South Dakota",49028.0,48.8,5,46.2,5
"Spokane County, Washington",54392.333333333336,59.8,313,47.2,245
"St. Charles Parish, Louisiana",53592.666666666664,71.2,36,58.8,29
"St. Francis County, Arkansas",38922.0,65.2,20,54.4,16
"St. Francois County, Missouri",34181.0,106.8,82,76.7,59
"St. James Parish, Louisiana",57624.5,58,14,53.3,13
"St. Johns County, Florida",71746.0,65.2,166,42.3,107
"St. Joseph County, Indiana",60289.0,71.5,212,52.2,157
"St. Lawrence County, New York",54225.5,82.4,108,60.3,78
"St. Louis County, Missouri",57197.42857142857,69,854,45.9,574
"St. Lucie County, Florida",25160.0,64.5,277,48.9,213
"St. Martin Parish, Louisiana",36611.0,75.1,42,61.5,34
"St. Mary Parish, Louisiana",40407.0,66.6,40,53.4,33
"St. Tammany Parish, Louisiana",42353.0,67.3,179,51.5,135
"Stanislaus County, California",27144.0,57.4,273,42.1,200
"Stanly County, North Carolina",50956.5,80.4,64,55.8,43
"Stark County, Ohio",43556.0,68.1,338,51.9,258
"Starr County, Texas",23860.285714285714,38.5,20,25.4,13
"Stephenson County, Illinois",47354.5,63.8,43,52.6,36
"Steuben County, Indiana",42149.0,71,31,46.7,20
"Steuben County, New York",51435.5,80,104,60,78
"Stoddard County, Missouri",40753.0,93.4,39,71.2,30
"Stokes County, North Carolina",45724.0,90.6,58,65.5,41
"Stone County, Missouri",46085.0,66.5,39,50,28
"Story County, Iowa",53150.0,56,43,41,32
"Strafford County, New Hampshire",44850.0,75,96,53.3,68
"Stutsman County, North Dakota",60571.0,56.5,17,51.2,16
"Suffolk County, New York",96121.75,69.7,1195,43.8,751
"Sullivan County, Missouri",32801.0,88.6,8,54.6,5
"Sullivan County, New York",54694.5,71.9,71,51.6,51
"Summit County, Colorado",61792.0,14.8,4,21.6,3
"Summit County, Ohio",80282.8,67.2,449,52.3,352
"Summit County, Utah",71109.0,18.2,6,14.4,4
"Sumter County, Alabama",6190.0,55.5,9,51,9
"Sumter County, Georgia",26115.0,63.1,22,48.6,17
"Sumter County, South Carolina",30924.0,72,84,49,57
"Sunflower County, Mississippi",29298.0,65,18,59.8,17
"Surry County, North Carolina",23364.0,82.9,83,67.8,68
"Surry County, Virginia",36660.0,60.9,6,53.7,5
"Susquehanna County, Pennsylvania",40336.0,53.6,35,43.2,27
"Sussex County, Delaware",59193.333333333336,74.2,239,53.1,171
"Sussex County, New Jersey",78443.33333333333,64.2,106,45.2,74
"Sussex County, Virginia",49267.0,90.7,14,69.2,10
"Talbot County, Maryland",53783.0,51.1,34,40,28
"Talladega County, Alabama",41712.0,74,74,61,61
"Tallapoosa County, Alabama",50493.0,70.5,41,54.5,32
"Tama County, Iowa",54417.5,65.3,16,39.3,10
"Taney County, Missouri",29418.0,80.6,58,52.4,38
"Tangipahoa Parish, Louisiana",44838.0,79.3,100,62.4,77
"Taos County, New Mexico",18868.0,35,16,27.5,13
"Tarrant County, Texas",68175.0,60.2,903,44.4,654
"Taylor County, Georgia",28923.0,54.2,6,43.1,5
"Taylor County, Kentucky",27470.0,100.2,32,81.6,26
"Tazewell County, Illinois",48969.333333333336,87.2,151,60.1,104
"Tehama County, California",40412.5,65.2,54,49.9,40
"Terrebonne Parish, Louisiana",47871.0,76.2,86,57.1,64
"Terrell County, Georgia",22024.0,63,8,53.7,6
"Terry County, Texas",43119.0,70.7,10,52.9,8
"Teton County, Montana",60066.0,60.8,6,55.7,5
"Tioga County, New York",55439.5,64.4,44,46.2,31
"Tioga County, Pennsylvania",40906.5,69.6,41,44.5,27
"Tipton County, Indiana",47981.0,73.3,16,43.6,10
"Tipton County, Tennessee",33438.0,94.6,60,74.6,45
"Tishomingo County, Mississippi",22070.0,78.4,22,56.2,16
"Todd County, Kentucky",28681.0,83.1,12,65.1,9
"Tompkins County, New York",79328.0,57.6,54,42.6,40
"Toole County, Montana",43746.0,77.5,5,48.7,3
"Transylvania County, North Carolina",21300.0,53.6,33,37.2,23
"Travis County, Texas",102947.33333333333,44.8,330,32.6,230
"Trempealeau County, Wisconsin",50391.5,57.9,21,47.1,18
"Tulare County, California",31176.333333333332,47.9,174,40.7,145
"Tulsa County, Oklahoma",69900.0,67.1,421,52.6,328
"Tunica County, Mississippi",34512.0,84.2,8,56.6,5
"Turner County, South Dakota",51253.0,56.2,6,35.7,4
"Tuscaloosa County, Alabama",46479.0,72.3,135,54.4,100
"Tuscarawas County, Ohio",35365.0,61,76,45.3,56
"Twin Falls County, Idaho",40808.666666666664,53.4,47,42,37
"Tyler County, Texas",42150.0,72.8,23,60.6,19
"Uinta County, Wyoming",83387.0,31.7,6,22.1,4
"Ulster County, New York",48930.25,71.5,164,48.3,111
"Umatilla County, Oregon",33550.0,58,48,45.1,37
"Unicoi County, Tennessee",23290.0,89.3,25,70.8,20
"Union County, Arkansas",32937.0,89,46,71.6,38
"Union County, Illinois",34614.0,102.7,26,74.4,18
"Union County, New Jersey",115335.0,47.9,274,35.8,207
"Union County, North Carolina",56957.0,62.9,113,46.5,80
"Union County, Ohio",37468.0,68.9,33,54.5,26
"Union County, Oregon",40609.0,44.7,15,41.7,15
"Union County, Pennsylvania",48693.0,57.6,30,36.8,20
"Union County, South Carolina",20403.0,94.2,36,67.7,26
"Union County, South Dakota",50021.0,80.2,14,44,8
"Union Parish, Louisiana",38723.0,78.9,24,73.6,22
"Upson County, Georgia",45966.0,87.8,31,56.5,20
"Utah County, Utah",74779.25,18.5,56,12.4,37
"Uvalde County, Texas",32444.0,38.1,12,32.7,10
"Valdez-Cordova Census Area, Alaska",38571.0,66.1,6,60.8,4
"Valencia County, New Mexico",33877.0,50.8,42,41.9,34
"Van Buren County, Arkansas",18751.0,65.1,19,57.5,17
"Van Buren County, Tennessee",29665.0,55.8,4,53,4
"Venango County, Pennsylvania",38312.75,74.7,60,56.5,46
"Ventura County, California",48204.0,41.5,344,30.3,250
"Vermilion County, Illinois",37693.5,86.4,92,64.8,70
"Vernon County, Missouri",29774.0,75.9,21,61.9,17
"Vernon County, Wisconsin",39657.0,55,23,43.5,19
"Vernon Parish, Louisiana",37674.0,91.7,39,72.1,30
"Vigo County, Indiana",39998.0,80.4,96,65,77
"Volusia County, Florida",61292.0,70.8,568,54.1,439
"Wabash County, Illinois",42943.0,91.6,15,59.7,10
"Wake County, North Carolina",93114.0,55.9,406,38.8,274
"Walker County, Alabama",39657.0,98.3,89,79.8,71
"Walker County, Georgia",28819.0,84.3,72,76.4,65
"Walla Walla County, Washington",46473.0,53.4,37,41.6,30
"Waller County, Texas",31814.5,53.7,21,36.9,15
"Wallowa County, Oregon",41197.5,46.3,6,35.5,4
"Walsh County, North Dakota",8188.0,56.7,10,42.8,8
"Walworth County, Wisconsin",57494.0,64,75,46.2,54
"Ward County, North Dakota",66325.0,64.6,41,44.2,29
"Ward County, Texas",32177.0,69.8,9,57.7,7
"Warren County, Indiana",40436.0,66,7,53.6,6
"Warren County, Kentucky",35052.0,91.3,100,65.5,70
"Warren County, New Jersey",52028.0,65.4,85,45.6,59
"Warren County, Pennsylvania",35978.0,59.9,38,48.3,31
"Warren County, Tennessee",46356.0,84.7,42,64.4,33
"Warrick County, Indiana",44952.0,66.7,47,46.7,32
"Wasatch County, Utah",84153.0,34.5,6,23.1,4
"Wasco County, Oregon",38926.5,74.1,26,51.7,18
"Washburn County, Wisconsin",57419.0,71.5,19,53.8,14
"Washington County, Alabama",48713.0,74.8,16,65.3,14
"Washington County, Arkansas",99636.0,67.1,119,52.7,91
"Washington County, Florida",26469.0,74.7,23,67.5,21
"Washington County, Georgia",46113.0,68.2,17,49.4,12
"Washington County, Idaho",27108.0,68.3,11,54.4,8
"Washington County, Illinois",56683.0,74.1,15,43.4,9
"Washington County, Iowa",42248.0,52.9,16,39.6,12
"Washington County, Kentucky",50497.0,80.5,12,60.6,9
"Washington County, Maryland",64680.5,71.8,126,53.5,94
"Washington County, Mississippi",16126.0,75.8,42,63,34
"Washington County, Missouri",26092.0,93,28,81.1,24
"Washington County, New York",39234.0,88.7,71,63.1,50
"Washington County, Ohio",28161.0,75.8,67,55.5,49
"Washington County, Oregon",67175.5,48,231,35.1,167
"Washington County, Pennsylvania",40252.5,68.2,201,51.8,156
"Washington County, Rhode Island",80369.0,64.8,104,45.9,74
"Washington County, Tennessee",41584.333333333336,71.6,110,55.3,84
"Washington County, Utah",51494.0,29.7,55,22.5,41
"Washington County, Wisconsin",62440.0,57.3,89,39.5,61
"Washington Parish, Louisiana",22330.0,92,53,67.4,39
"Waukesha County, Wisconsin",73210.0,54.6,262,39.8,191
"Wayne County, Illinois",38849.0,89.2,22,66.4,17
"Wayne County, Indiana",36324.5,85.2,77,65,58
"Wayne County, Michigan",60069.0,83,1634,57.7,1136
"Wayne County, Mississippi",22419.5,61.2,15,55.6,14
"Wayne County, New York",34819.25,72.8,84,54.1,62
"Wayne County, Ohio",74798.0,57,79,44.3,62
"Wayne County, West Virginia",31948.0,89.5,51,64.2,36
"Weakley County, Tennessee",27930.0,72.4,31,61.2,26
"Webster County, Iowa",53333.0,67.6,34,46,23
"Weld County, Colorado",66101.5,45.7,101,35.2,76
"Wells County, North Dakota",35054.0,40.6,4,45.7,4
"Westchester County, New York",137483.5,53.2,615,33.9,397
"Westmoreland County, Pennsylvania",45857.57142857143,70.5,387,48.5,271
"Whatcom County, Washington",63865.0,59.8,133,42.2,95
"Wheeler County, Texas",42089.0,54,4,59.1,4
"White County, Arkansas",33507.0,91.2,81,69.6,61
"White County, Illinois",34465.0,81.2,18,69.5,16
"Whiteside County, Illinois",57255.5,71.8,57,56.7,45
"Whitley County, Indiana",37091.0,63.8,26,52.1,21
"Wichita County, Texas",35333.0,74.9,106,55.8,79
"Wicomico County, Maryland",52552.0,79.4,87,59.7,65
"Wilkes County, North Carolina",29610.5,77.2,75,58.5,57
"Wilkinson County, Georgia",36614.0,79.9,11,56.9,8
"Will County, Illinois",45947.0,72,414,50.3,281
"Williams County, Ohio",34952.5,66,32,48.2,23
"Williamson County, Illinois",34643.0,97.5,85,69.5,60
"Williamson County, Tennessee",96484.0,46.6,77,36.5,60
"Williamson County, Texas",63938.25,50.9,178,35.5,122
"Wilson County, North Carolina",49010.0,71.2,71,55.8,55
"Wilson County, Tennessee",75879.0,76.5,98,55.3,68
"Windham County, Connecticut",51622.0,65,86,47.5,62
"Windsor County, Vermont",32557.333333333332,67.4,57,45.7,39
"Winnebago County, Illinois",50058.5,74,252,57.7,198
"Winnebago County, Wisconsin",66738.0,62.2,117,44.7,85
"Winneshiek County, Iowa",38036.0,36,10,22.2,7
"Wise County, Texas",54874.333333333336,63.1,41,55.2,35
"Wood County, Ohio",52207.0,53.3,73,45,61
"Wood County, West Virginia",44990.0,81.9,97,60.5,71
"Wood County, Wisconsin",56279.5,57.4,58,40.3,42
"Woodbury County, Iowa",59668.0,71.5,79,51.5,57
"Woodford County, Illinois",69256.0,61,29,45.8,22
"Woodruff County, Arkansas",23855.0,108.5,11,64.9,7
"Woods County, Oklahoma",64406.0,55.5,6,45.1,5
"Worcester County, Massachusetts",48120.0,69.8,616,50.1,439
"Worth County, Iowa",56756.0,45.3,5,30.7,4
"Wright County, Missouri",17140.0,83.4,21,69.4,18
"Wyoming County, West Virginia",29818.666666666668,90.3,27,80,24
"Yadkin County, North Carolina",36564.5,82.2,42,52.6,27
"Yakima County, Washington",53290.0,57.6,137,47.2,113
"Yankton County, South Dakota",41833.0,61.4,18,43.5,13
"Yavapai County, Arizona",36515.5,51.9,203,38.1,151
"Yellowstone County, Montana",29413.5,60.9,105,45,79
"York County, Nebraska",52399.25,36.8,7,28.2,5
"York County, Pennsylvania",54664.666666666664,67.2,353,46,240
"York County, South Carolina",39903.0,66.8,157,54,124
"Young County, Texas",36772.0,74.2,20,60.2,16
"Yuba County, California",46888.0,68.1,44,55.3,35
"Yuma County, Colorado",37453.0,62.5,8,40.3,5
